Coletor;NS Coletor;Modelo;SO;Status;Data e Hora
COL2650_001;21135D8116;CK65;Android 9;Disponivel
COL2650_002;21136D8105;CK65;Android 9;Disponivel
COL2650_003;21135D8112;CK65;Android 9;Disponivel
COL2650_004;21135D80E0;CK65;Android 9;Disponivel
COL2650_005;21134D827A;CK65;Android 9;Disponivel
COL2650_006;21136D8106;CK65;Android 9;Disponivel
COL2650_007;21135D8118;CK65;Android 9;Disponivel
COL2650_008;21135D8228;CK65;Android 9;Disponivel
COL2650_009;21135D8246;CK65;Android 9;Disponivel
COL2650_010;21136D8265;CK65;Android 9;Disponivel
COL2650_011;21136D82CE;CK65;Android 9;Disponivel
COL2650_012;21136D8058;CK65;Android 9;Disponivel
COL2650_013;21136D81FA;CK65;Android 9;Disponivel
COL2650_014;21136D8254;CK65;Android 9;Disponivel
COL2650_015;21135D8031;CK65;Android 9;Disponivel
COL2650_016;21135D80ED;CK65;Android 9;Disponivel
COL2650_017;21136D825A;CK65;Android 9;Disponivel
COL2650_018;21136D82C6;CK65;Android 9;Disponivel
COL2650_019;21135D81E0;CK65;Android 9;Disponivel
COL2650_020;21134D8255;CK65;Android 9;Disponivel
COL2650_021;21136D825B;CK65;Android 9;Disponivel
COL2650_022;21134D8270;CK65;Android 9;Disponivel
COL2650_023;21135D80D2;CK65;Android 9;Disponivel
COL2650_024;21135D8205;CK65;Android 9;Disponivel
COL2650_025;21136D82C8;CK65;Android 9;Disponivel
COL2650_026;21134D8266;CK65;Android 9;Disponivel
COL2650_027;21136D80C6;CK65;Android 9;Disponivel
COL2650_068;21135D80F6;CK65;Android 9;Disponivel
COL2650_069;21162D8283;CK65;Android 9;Disponivel
COL2650_070;21163D8133;CK65;Android 9;Disponivel
COL2650_071;21162D8438;CK65;Android 9;Disponivel
COL2650_072;21162D83C1;CK65;Android 9;Disponivel
COL2650_073;21162D82BB;CK65;Android 9;Disponivel
COL2650_074;21162D83CB;CK65;Android 9;Disponivel
COL2650_075;21163D8091;CK65;Android 9;Disponivel
COL2650_028;21136D8066;CK65;Android 9;Disponivel
COL2650_029;21134D8276;CK65;Android 9;Disponivel
COL2650_030;21135D8089;CK65;Android 9;Disponivel
COL2650_031;21134D8279;CK65;Android 9;Disponivel
COL2650_032;21135D8037;CK65;Android 9;Disponivel
COL2650_033;21135D8091;CK65;Android 9;Disponivel
COL2650_034;21134D824E;CK65;Android 9;Disponivel
COL2650_035;21135D8059;CK65;Android 9;Disponivel
COL2650_036;21135D807E;CK65;Android 9;Disponivel
COL2650_037;21135D8021;CK65;Android 9;Disponivel
COL2650_038;21135D8009;CK65;Android 9;Disponivel
COL2650_039;21162D822A;CK65;Android 9;Disponivel
COL2650_040;21162D835B;CK65;Android 9;Disponivel
COL2650_041;21136D8287;CK65;Android 9;Disponivel
COL2650_042;21135D827A;CK65;Android 9;Disponivel
COL2650_043;21136D8037;CK65;Android 9;Disponivel
COL2650_044;21136D802F;CK65;Android 9;Disponivel
COL2650_045;21162D8231;CK65;Android 9;Disponivel
COL2650_046;21162D828D;CK65;Android 9;Disponivel
COL2650_047;21135D8053;CK65;Android 9;Disponivel
COL2650_064;21135D8328;CK65;Android 9;Disponivel
COL2650_065;21135D809A;CK65;Android 9;Disponivel
COL2650_064;21135D8058;CK65;Android 9;Disponivel
COL2650_048;21135D803F;CK65;Android 9;Disponivel
COL2650_049;21162D826B;CK65;Android 9;Disponivel
COL2650_050;21162D82AF;CK65;Android 9;Disponivel
COL2650_051;21162D8255;CK65;Android 9;Disponivel
COL2650_052;21162D824C;CK65;Android 9;Disponivel
COL2650_053;21172D8791;CK65;Android 9;Disponivel
COL2650_054;21135D804F;CK65;Android 9;Disponivel
COL2650_055;21135D802B;CK65;Android 9;Disponivel
COL2650_056;21135D8088;CK65;Android 9;Disponivel
COL2650_057;21135D803E;CK65;Android 9;Disponivel
COL2650_058;21162D8226;CK65;Android 9;Disponivel
COL2650_059;21135D8064;CK65;Android 9;Disponivel
COL2650_060;21135D806E;CK65;Android 9;Disponivel
COL2650_061;21135D8087;CK65;Android 9;Disponivel
COL2650_062;21134D8222;CK65;Android 9;Disponivel
COL2650_063;21135D82F6;CK65;Android 9;Disponivel
COL2650_066;21135D8109;CK65;Android 9;Disponivel
COL2650_067;21135D80C8;CK65;Android 9;Disponivel
COL2650_076;21162D8474;CK65;Android 9;Disponivel
COL2650_077;21135D80A7;CK65;Android 9;Disponivel
COL2650_078;21162D8294;CK65;Android 9;Disponivel
COL2650_079;21162D8497;CK65;Android 9;Disponivel
COL2650_080;21163D8180;CK65;Android 9;Disponivel
COL2650_081;21162D8262;CK65;Android 9;Disponivel
COL2650_082;21162D8315;CK65;Android 9;Disponivel
COL2650_083;21162D8362;CK65;Android 9;Disponivel
COL2650_084;21162D8494;CK65;Android 9;Disponivel
COL2650_085;21162D84AB;CK65;Android 9;Disponivel
COL2650_086;21162D8300;CK65;Android 9;Disponivel
COL2650_087;21162D8473;CK65;Android 9;Disponivel
COL2650_088;21162D8394;CK65;Android 9;Disponivel
COL2650_089;21135D8051;CK65;Android 9;Disponivel
COL2650_090;21136D8116;CK65;Android 9;Disponivel
COL2650_091;21134D824D;CK65;Android 9;Disponivel
COL2650_092;21135D809F;CK65;Android 9;Disponivel
COL2650_093;21134D8285;CK65;Android 9;Disponivel
COL2650_094;21135D8107;CK65;Android 9;Disponivel
COL2650_095;21136D8283;CK65;Android 9;Disponivel
COL2650_096;21137D8131;CK65;Android 9;Disponivel
COL2650_097;21162D8263;CK65;Android 9;Disponivel
COL2650_098;21136D823D;CK65;Android 9;Disponivel
COL2650_099;;CK65;Android 9;Disponivel
COL2650_100;21147524201364;MC93;Android 9;Disponivel
COL2650_101;21147524201337;MC93;Android 9;Disponivel
COL2650_102;23121052420137;MC93;Android 9;Disponivel
COL2650_103;21217524200072;MC93;Android 9;Disponivel
COL2650_104;21147524201420;Android 9;Disponivel
COL2650_105;21147524201310;Android 9;Disponivel
COL2650_106;21147524201371;MC93;Android 9;Disponivel
COL2650_107;21147524201373;MC93;Android 9;Disponivel
COL2650_108;21147524201383;MC93;Android 9;Disponivel
COL2650_109;21147524201392;MC93;Android 9;Disponivel
COL2650_110;21147524201410;Android 9;Disponivel
COL2650_111;21147524201381;MC93;Android 9;Disponivel
COL2650_112;21147524201370;MC93;Android 9;Disponivel
COL2650_113;21147524201345;MC93;Android 9;Disponivel
COL2650_114;21147524201354;MC93;Android 9;Disponivel
